Structure,Abbreviation,Hemisphere,Level_1,Level_2,Level_3,Level_4,Subdivisions_7,index,index2,clusfound,Subdivisions_7_nowm,Hemisphere_abbrev,Level_1_abbrev,Level_2_abbrev,Subdivisions_7_abbrev,Subdivision_new
Cingulate_Cortex_Area_24a,A24a,Left,1_forebrain,1_secondary_prosencephalon,1_isocortex,2_cingulate_cortex,1_isocortex,1,1.0,0,1_isocortex,L,FB,Prosencephalon,Isocortex,IS
Cingulate_Cortex_Area_24a_prime,A24aPrime,Left,1_forebrain,1_secondary_prosencephalon,1_isocortex,2_cingulate_cortex,1_isocortex,2,2.0,0,1_isocortex,L,FB,Prosencephalon,Isocortex,IS
Cingulate_Cortex_Area_24b,A24b,Left,1_forebrain,1_secondary_prosencephalon,1_isocortex,2_cingulate_cortex,1_isocortex,3,3.0,0,1_isocortex,L,FB,Prosencephalon,Isocortex,IS
Cingulate_Cortex_Area_24b_prime,A24bPrime,Left,1_forebrain,1_secondary_prosencephalon,1_isocortex,2_cingulate_cortex,1_isocortex,4,4.0,0,1_isocortex,L,FB,Prosencephalon,Isocortex,IS
Cingulate_Cortex_Area_29a,A29a,Left,1_forebrain,1_secondary_prosencephalon,1_isocortex,2_cingulate_cortex,1_isocortex,5,5.0,0,1_isocortex,L,FB,Prosencephalon,Isocortex,IS
Cingulate_Cortex_Area_29b,A29b,Left,1_forebrain,1_secondary_prosencephalon,1_isocortex,2_cingulate_cortex,1_isocortex,6,6.0,0,1_isocortex,L,FB,Prosencephalon,Isocortex,IS
Cingulate_Cortex_Area_29c,A29c,Left,1_forebrain,1_secondary_prosencephalon,1_isocortex,2_cingulate_cortex,1_isocortex,7,7.0,1,1_isocortex,L,FB,Prosencephalon,Isocortex,IS
Cingulate_Cortex_Area_30,A30,Left,1_forebrain,1_secondary_prosencephalon,1_isocortex,2_cingulate_cortex,1_isocortex,8,8.0,0,1_isocortex,L,FB,Prosencephalon,Isocortex,IS
Cingulate_Cortex_Area_32,A32,Left,1_forebrain,1_secondary_prosencephalon,1_isocortex,2_cingulate_cortex,1_isocortex,9,9.0,0,1_isocortex,L,FB,Prosencephalon,Isocortex,IS
Primary_Auditory_Cortex,Au1,Left,1_forebrain,1_secondary_prosencephalon,1_isocortex,6_medial_pallium,1_isocortex,10,10.0,0,1_isocortex,L,FB,Prosencephalon,Isocortex,IS
Secondary_Auditory_Cortex_Dorsal_Part,AuD,Left,1_forebrain,1_secondary_prosencephalon,1_isocortex,3_temporal_cortex,1_isocortex,11,11.0,0,1_isocortex,L,FB,Prosencephalon,Isocortex,IS
Secondary_Auditory_Cortex_Ventral_Part,AuV,Left,1_forebrain,1_secondary_prosencephalon,1_isocortex,3_temporal_cortex,1_isocortex,12,12.0,0,1_isocortex,L,FB,Prosencephalon,Isocortex,IS
Dorsolateral_Orbital_Cortex,DLO,Left,1_forebrain,1_secondary_prosencephalon,1_isocortex,1_frontal_cortex,1_isocortex,13,13.0,0,1_isocortex,L,FB,Prosencephalon,Isocortex,IS
Frontal_Cortex_Area_3,Fr3,Left,1_forebrain,1_secondary_prosencephalon,1_isocortex,1_frontal_cortex,1_isocortex,14,14.0,0,1_isocortex,L,FB,Prosencephalon,Isocortex,IS
Frontal_Association_Cortex,FrA,Left,1_forebrain,1_secondary_prosencephalon,1_isocortex,1_frontal_cortex,1_isocortex,15,15.0,0,1_isocortex,L,FB,Prosencephalon,Isocortex,IS
Insular_Cortex,Ins,Left,1_forebrain,1_secondary_prosencephalon,1_isocortex,4_insular_cortex,1_isocortex,16,16.0,0,1_isocortex,L,FB,Prosencephalon,Isocortex,IS
Lateral_Orbital_Cortex,LO,Left,1_forebrain,1_secondary_prosencephalon,1_isocortex,1_frontal_cortex,1_isocortex,17,17.0,0,1_isocortex,L,FB,Prosencephalon,Isocortex,IS
Lateral_Parietal_Association_Cortex,LPtA,Left,1_forebrain,1_secondary_prosencephalon,1_isocortex,12_parietal_cortex,1_isocortex,18,18.0,1,1_isocortex,L,FB,Prosencephalon,Isocortex,IS
Primary_Motor_Cortex,M1,Left,1_forebrain,1_secondary_prosencephalon,1_isocortex,1_frontal_cortex,1_isocortex,19,19.0,1,1_isocortex,L,FB,Prosencephalon,Isocortex,IS
Secondary_Motor_Cortex,M2,Left,1_forebrain,1_secondary_prosencephalon,1_isocortex,12_parietal_cortex,1_isocortex,20,20.0,0,1_isocortex,L,FB,Prosencephalon,Isocortex,IS
Medial_Orbital_Cortex,MO,Left,1_forebrain,1_secondary_prosencephalon,1_isocortex,1_frontal_cortex,1_isocortex,21,21.0,0,1_isocortex,L,FB,Prosencephalon,Isocortex,IS
Medial_Parietal_Association_Cortex,MPtA,Left,1_forebrain,1_secondary_prosencephalon,1_isocortex,12_parietal_cortex,1_isocortex,22,22.0,1,1_isocortex,L,FB,Prosencephalon,Isocortex,IS
Parietal_Cortex_Posterior_Area_Rostral_Part,PtPR,Left,1_forebrain,1_secondary_prosencephalon,1_isocortex,12_parietal_cortex,1_isocortex,23,23.0,0,1_isocortex,L,FB,Prosencephalon,Isocortex,IS
Primary_Somatosensory_Cortex,S1,Left,1_forebrain,1_secondary_prosencephalon,1_isocortex,1_frontal_cortex,1_isocortex,24,24.0,0,1_isocortex,L,FB,Prosencephalon,Isocortex,IS
Primary_Somatosensory_Cortex_Barrel_Field,S1BF,Left,1_forebrain,1_secondary_prosencephalon,1_isocortex,1_frontal_cortex,1_isocortex,25,25.0,0,1_isocortex,L,FB,Prosencephalon,Isocortex,IS
Primary_Somatosensory_Cortex_Dysgranular_Zone,S1DZ,Left,1_forebrain,1_secondary_prosencephalon,1_isocortex,4_insular_cortex,1_isocortex,26,26.0,1,1_isocortex,L,FB,Prosencephalon,Isocortex,IS
Primary_Somatosensory_CortexForelimb_Region,S1FL,Left,1_forebrain,1_secondary_prosencephalon,1_isocortex,1_frontal_cortex,1_isocortex,27,27.0,1,1_isocortex,L,FB,Prosencephalon,Isocortex,IS
Primary_Somatosensory_Cortex_Hindlimb_Region,S1HL,Left,1_forebrain,1_secondary_prosencephalon,1_isocortex,1_frontal_cortex,1_isocortex,28,28.0,0,1_isocortex,L,FB,Prosencephalon,Isocortex,IS
Primary_Somatosensory_Cortex_Jaw_Region,S1J,Left,1_forebrain,1_secondary_prosencephalon,1_isocortex,1_frontal_cortex,1_isocortex,29,29.0,0,1_isocortex,L,FB,Prosencephalon,Isocortex,IS
Primary_Somatosensory_Cortex_Shoulder_Region,S1Sh,Left,1_forebrain,1_secondary_prosencephalon,1_isocortex,1_frontal_cortex,1_isocortex,30,30.0,0,1_isocortex,L,FB,Prosencephalon,Isocortex,IS
Primary_Somatosensory_Cortex_Trunk_Region,S1Tr,Left,1_forebrain,1_secondary_prosencephalon,1_isocortex,1_frontal_cortex,1_isocortex,31,31.0,0,1_isocortex,L,FB,Prosencephalon,Isocortex,IS
Primary_Somatosensory_Cortex_Upper_Lip_Region,S1ULp,Left,1_forebrain,1_secondary_prosencephalon,1_isocortex,1_frontal_cortex,1_isocortex,32,32.0,1,1_isocortex,L,FB,Prosencephalon,Isocortex,IS
Secondary_Somatosensory_Cortex,S2,Left,1_forebrain,1_secondary_prosencephalon,1_isocortex,3_temporal_cortex,1_isocortex,33,33.0,0,1_isocortex,L,FB,Prosencephalon,Isocortex,IS
Temporal_Association_Cortex,TeA,Left,1_forebrain,1_secondary_prosencephalon,1_isocortex,1_frontal_cortex,1_isocortex,34,34.0,0,1_isocortex,L,FB,Prosencephalon,Isocortex,IS
Primary_Visual_Cortex,V1,Left,1_forebrain,1_secondary_prosencephalon,1_isocortex,13_occipital_cortex,1_isocortex,35,35.0,1,1_isocortex,L,FB,Prosencephalon,Isocortex,IS
Primary_Visual_Cortex_Binocular_Area,V1B,Left,1_forebrain,1_secondary_prosencephalon,1_isocortex,13_occipital_cortex,1_isocortex,36,36.0,1,1_isocortex,L,FB,Prosencephalon,Isocortex,IS
Primary_Visual_Cortex_Monocular_Area,V1M,Left,1_forebrain,1_secondary_prosencephalon,1_isocortex,13_occipital_cortex,1_isocortex,37,37.0,1,1_isocortex,L,FB,Prosencephalon,Isocortex,IS
Secondary_Visual_CortexLateral_Area,V2L,Left,1_forebrain,1_secondary_prosencephalon,1_isocortex,13_occipital_cortex,1_isocortex,38,38.0,0,1_isocortex,L,FB,Prosencephalon,Isocortex,IS
Secondary_Visual_Cortex_Mediolateral_Area,V2ML,Left,1_forebrain,1_secondary_prosencephalon,1_isocortex,13_occipital_cortex,1_isocortex,39,39.0,0,1_isocortex,L,FB,Prosencephalon,Isocortex,IS
Secondary_Visual_Cortex_Mediomedial_Area,V2MM,Left,1_forebrain,1_secondary_prosencephalon,1_isocortex,13_occipital_cortex,1_isocortex,40,40.0,0,1_isocortex,L,FB,Prosencephalon,Isocortex,IS
Ventral_Orbital_Cortex,VO,Left,1_forebrain,1_secondary_prosencephalon,1_isocortex,1_frontal_cortex,1_isocortex,41,41.0,0,1_isocortex,L,FB,Prosencephalon,Isocortex,IS
Caudomedial_Entorhinal_Cortex,CEnt,Left,1_forebrain,1_secondary_prosencephalon,4_dorsal_pallium,3_temporal_cortex,2_pallium,42,42.0,0,2_pallium,L,FB,Prosencephalon,Pallium,PA
Dorsal_Intermediate_Entorhinal_Cortex,DIEnt,Left,1_forebrain,1_secondary_prosencephalon,4_dorsal_pallium,3_temporal_cortex,2_pallium,43,43.0,0,2_pallium,L,FB,Prosencephalon,Pallium,PA
Dorsolateral_Entorhinal_Cortex,DLEnt,Left,1_forebrain,1_secondary_prosencephalon,4_dorsal_pallium,3_temporal_cortex,2_pallium,44,44.0,0,2_pallium,L,FB,Prosencephalon,Pallium,PA
Medial_Entorhinal_Cortex,MEnt,Left,1_forebrain,1_secondary_prosencephalon,4_dorsal_pallium,3_temporal_cortex,2_pallium,45,45.0,0,2_pallium,L,FB,Prosencephalon,Pallium,PA
Ventral_Intermediate_Entorhinal_Cortex,VIEnt,Left,1_forebrain,1_secondary_prosencephalon,4_dorsal_pallium,3_temporal_cortex,2_pallium,46,46.0,0,2_pallium,L,FB,Prosencephalon,Pallium,PA
Claustrum,Cl,Left,1_forebrain,1_secondary_prosencephalon,2_lateral_pallium,7_lateral_pallium,2_pallium,47,47.0,0,2_pallium,L,FB,Prosencephalon,Pallium,PA
Dorsal_Claustrum,DCl,Left,1_forebrain,1_secondary_prosencephalon,2_lateral_pallium,7_lateral_pallium,2_pallium,48,48.0,0,2_pallium,L,FB,Prosencephalon,Pallium,PA
Posterolateral_Cortical_Amygdaloid_Area,PLCo,Left,1_forebrain,1_secondary_prosencephalon,2_lateral_pallium,8_pallial_and_subpallial_amygdala,2_pallium,49,49.0,0,2_pallium,L,FB,Prosencephalon,Pallium,PA
Ventral_Claustrum,VCl,Left,1_forebrain,1_secondary_prosencephalon,2_lateral_pallium,7_lateral_pallium,2_pallium,50,50.0,0,2_pallium,L,FB,Prosencephalon,Pallium,PA
Hippocampus,Hc,Left,1_forebrain,1_secondary_prosencephalon,3_medial_pallium,6_medial_pallium,2_pallium,51,51.0,1,2_pallium,L,FB,Prosencephalon,Pallium,PA
Dorsal_Tenia_Tecta,DTT,Left,1_forebrain,1_secondary_prosencephalon,3_medial_pallium,6_medial_pallium,2_pallium,52,52.0,0,2_pallium,L,FB,Prosencephalon,Pallium,PA
Ectorhinal_Cortex,Ect,Left,1_forebrain,1_secondary_prosencephalon,3_medial_pallium,3_temporal_cortex,2_pallium,53,53.0,0,2_pallium,L,FB,Prosencephalon,Pallium,PA
Parasubiculum,PaS,Left,1_forebrain,1_secondary_prosencephalon,3_medial_pallium,6_medial_pallium,2_pallium,54,54.0,0,2_pallium,L,FB,Prosencephalon,Pallium,PA
Perirhinal_Cortex,PRh,Left,1_forebrain,1_secondary_prosencephalon,3_medial_pallium,3_temporal_cortex,2_pallium,55,55.0,0,2_pallium,L,FB,Prosencephalon,Pallium,PA
Presubiculum,PrS,Left,1_forebrain,1_secondary_prosencephalon,3_medial_pallium,6_medial_pallium,2_pallium,56,56.0,0,2_pallium,L,FB,Prosencephalon,Pallium,PA
Piriform_Cortex,Pir,Left,1_forebrain,1_secondary_prosencephalon,5_ventral_pallium,12_lateral_pallium,2_pallium,57,57.0,1,2_pallium,L,FB,Prosencephalon,Pallium,PA
Amygdalopiriform_Transition_Area,APir,Left,1_forebrain,1_secondary_prosencephalon,5_ventral_pallium,15_pallium,2_pallium,58,58.0,0,2_pallium,L,FB,Prosencephalon,Pallium,PA
Hypothalamus,Hyp,Left,1_forebrain,1_secondary_prosencephalon,8_rostral_secondary_prosencephalon,5_hypothalamus,4_diencephalon,59,59.0,0,4_diencephalon,L,FB,Prosencephalon,Diencephalon,DI
Preoptic_Telencephalon,Preopt,Left,1_forebrain,1_secondary_prosencephalon,8_rostral_secondary_prosencephalon,6_medial_pallium,2_pallium,60,60.0,0,2_pallium,L,FB,Prosencephalon,Pallium,PA
Subthalamic_Nucleus,Sthal,Left,1_forebrain,1_secondary_prosencephalon,8_caudal_secondary_prosencephalon,5_hypothalamus,4_diencephalon,61,61.0,0,4_diencephalon,L,FB,Prosencephalon,Diencephalon,DI
Septum,SPT,Left,1_forebrain,1_secondary_prosencephalon,6_subpallium,8_subpallial_amygdala,3_subpallium,62,62.0,0,3_subpallium,L,FB,Prosencephalon,Subpallium,SP
Globus_Pallidus,GP,Left,1_forebrain,1_secondary_prosencephalon,6_subpallium,9_pallidum,3_subpallium,63,63.0,0,3_subpallium,L,FB,Prosencephalon,Subpallium,SP
Striatum,CPu,Left,1_forebrain,1_secondary_prosencephalon,6_subpallium,10_subpallial_septum,3_subpallium,64,64.0,1,3_subpallium,L,FB,Prosencephalon,Subpallium,SP
Amygdala,Amy,Left,1_forebrain,1_secondary_prosencephalon,6_subpallium,9_pallidum,3_subpallium,65,65.0,0,3_subpallium,L,FB,Prosencephalon,Subpallium,SP
Accumbens,Acb,Left,1_forebrain,1_secondary_prosencephalon,6_subpallium,14_striatum,3_subpallium,66,66.0,0,3_subpallium,L,FB,Prosencephalon,Subpallium,SP
Bed_Nucleus_of_the_Stria_Terminalis,BNst,Left,1_forebrain,1_secondary_prosencephalon,6_subpallium,8_pallial_and_subpallial_amygdala,3_subpallium,67,67.0,0,3_subpallium,L,FB,Prosencephalon,Subpallium,SP
Ventral_Pallidum,Vpal,Left,1_forebrain,1_secondary_prosencephalon,6_subpallium,11_paraseptal_subpallium,3_subpallium,68,68.0,0,3_subpallium,L,FB,Prosencephalon,Subpallium,SP
Periaquaductal_Grey,PAG,Left,1_forebrain,2_diencephalon,p1,15_pretectum,4_diencephalon,69,69.0,0,4_diencephalon,L,FB,Diencephalon,Diencephalon,DI
Anterior_Pretectal_Nucleus,APT,Left,1_forebrain,2_diencephalon,p1,15_pretectum,4_diencephalon,70,70.0,1,4_diencephalon,L,FB,Diencephalon,Diencephalon,DI
Ventral_Tegmental_Area,VTA,Left,1_forebrain,2_diencephalon,p1,18_tegmentum,4_diencephalon,71,71.0,0,4_diencephalon,L,FB,Diencephalon,Diencephalon,DI
Thalamus_Rest,Thal_R,Left,1_forebrain,2_diencephalon,p2,17_thalamus,4_diencephalon,72,72.0,0,4_diencephalon,L,FB,Diencephalon,Diencephalon,DI
Ventral_Thalamic_Nuclei,VT,Left,1_forebrain,2_diencephalon,p2,17_thalamus,4_diencephalon,73,73.0,1,4_diencephalon,L,FB,Diencephalon,Diencephalon,DI
Latero_Dorsal_Nucleus_of_Thalamus,LDNT,Left,1_forebrain,2_diencephalon,p2,17_thalamus,4_diencephalon,74,74.0,0,4_diencephalon,L,FB,Diencephalon,Diencephalon,DI
Medial_Geniculate_Nucleus,MGN,Left,1_forebrain,2_diencephalon,p2,17_thalamus,4_diencephalon,75,75.0,0,4_diencephalon,L,FB,Diencephalon,Diencephalon,DI
Lateral_Geniculate_Nucleus,LGN,Left,1_forebrain,2_diencephalon,p2,17_thalamus,4_diencephalon,76,76.0,0,4_diencephalon,L,FB,Diencephalon,Diencephalon,DI
Zona_Incerta,ZI,Left,1_forebrain,2_diencephalon,p3,16_prethalamus,4_diencephalon,77,77.0,0,4_diencephalon,L,FB,Diencephalon,Diencephalon,DI
Reticular_Nucleus_of_Thalamus,RTN,Left,1_forebrain,2_diencephalon,p3,17_thalamus,4_diencephalon,78,78.0,0,4_diencephalon,L,FB,Diencephalon,Diencephalon,DI
Subbrachial_Nucleus_and_Peripeduncular_Nucleus,Sub_PP,Left,1_forebrain,2_diencephalon,p3,3_middbrain_tectum,4_diencephalon,79,79.0,0,4_diencephalon,L,FB,Diencephalon,Diencephalon,DI
Deep_Mesencephalic_Nuclei,DpMe,Left,2_midbrain,combo,p1,1_pretectal_tegmentum,4_diencephalon,80,80.0,0,4_diencephalon,L,MB,Combo,Diencephalon,DI
Superior_Colliculus,SC,Left,2_midbrain,m1,m1,3_middbrain_tectum,5_midbrain,81,81.0,1,5_midbrain,L,MB,M1,MB,MB
Inferior_Colliculus,IC,Left,2_midbrain,m1,m1,3_middbrain_tectum,5_midbrain,82,82.0,1,5_midbrain,L,MB,M1,MB,MB
Substantia_Nigra,SN,Left,2_midbrain,m1,m1,2_midbrain_tegmentum,5_midbrain,83,83.0,0,5_midbrain,L,MB,M1,MB,MB
Red_Nucleus_Parvicellular,RPC,Left,2_midbrain,2_diencephalon,p1,16_pretectal_tegmentum,4_diencephalon,84,84.0,0,5_midbrain,L,FB,Diencephalon,Diencephalon,DI
Midbrain_Reticular_Nucleus,MRN,Left,2_midbrain,m1,m1,3_middbrain_tectum,5_midbrain,85,85.0,0,5_midbrain,L,MB,M1,MB,MB
Rostral_Linear_Nucleus,RI,Left,2_midbrain,m1,m1,2_midbrain_tegmentum,5_midbrain,86,86.0,0,5_midbrain,L,MB,M1,MB,MB
Cuneiform_Nucleus,Cn,Left,2_midbrain,m2,m2,3_midbrain_tectum,5_midbrain,87,87.0,0,5_midbrain,L,MB,M2,MB,MB
Precuneiform_Nucleus,PrCn,Left,2_midbrain,m2,m2,3_midbrain_tectum,5_midbrain,88,88.0,0,5_midbrain,L,MB,M2,MB,MB
Brain_Stem_Rest,BS_R,Left,3_hindbrain,combo,combo,5_combo,6_hindbrain,89,89.0,0,6_hindbrain,L,HB,Combo,HB,BS
Interpeduncular_Nucleus,Iped,Left,3_hindbrain,1_prepontine_hindbrain,isthmus,1_pons,6_hindbrain,90,90.0,0,6_hindbrain,L,HB,Prepontine,HB,PP
Cerebellar_Cortex,Cb_1_10,Left,3_hindbrain,1_prepontine_hindbrain,isthmus,2_cerebellum,6_hindbrain,91,91.0,1,6_hindbrain,L,HB,Prepontine,HB,PP
Dentate_(Lateral)_Nucleus_of_Cerebellum,Den,Left,3_hindbrain,1_prepontine_hindbrain,isthmus,2_cerebellum,6_hindbrain,92,92.0,0,6_hindbrain,L,HB,Prepontine,HB,PP
Interposed_Nucleus_of_Cerebellum,Int,Left,3_hindbrain,1_prepontine_hindbrain,isthmus,2_cerebellum,6_hindbrain,93,93.0,0,6_hindbrain,L,HB,Prepontine,HB,PP
Fastigial_Medial_Dorsolateral_Nucleus_of_Cerebellum,FasDL,Left,3_hindbrain,1_prepontine_hindbrain,isthmus,2_cerebellum,6_hindbrain,94,94.0,0,6_hindbrain,L,HB,Prepontine,HB,PP
Fastigial_Medial_Nucleus_of_Cerebellum,FasMed,Left,3_hindbrain,1_prepontine_hindbrain,isthmus,2_cerebellum,6_hindbrain,95,95.0,0,6_hindbrain,L,HB,Prepontine,HB,PP
Ventral_Lateral_Lemniscus_Nucleus,Vll,Left,3_hindbrain,1_prepontine_hindbrain,isthmus,3_pontomedullary_hindbrain,6_hindbrain,96,96.0,0,6_hindbrain,L,HB,Prepontine,HB,PP
Parabrachial_Nucleus,ParB,Left,3_hindbrain,1_prepontine_hindbrain,isthmus,3_pontomedullary_hindbrain,6_hindbrain,97,97.0,0,6_hindbrain,L,HB,Prepontine,HB,PP
Parabrachial_Medial_Nucleus_and_Koelliker_Fuse_Nucleus,KF,Left,3_hindbrain,1_prepontine_hindbrain,isthmus,3_pontomedullary_hindbrain,6_hindbrain,98,98.0,0,6_hindbrain,L,HB,Prepontine,HB,PP
Parvicellular_Reticular_Nucleus_and_Principal_Sensory_Trigeminal_Nucleus,PCRt,Left,3_hindbrain,1_prepontine_hindbrain,r1_and_r2,3_pontomedullary_hindbrain,6_hindbrain,99,99.0,1,6_hindbrain,L,HB,Prepontine,HB,PP
Central_Gray,CG,Left,3_hindbrain,1_prepontine_hindbrain,r1,1_pons,6_hindbrain,100,100.0,0,6_hindbrain,L,HB,Prepontine,HB,PP
Pedunculotegmental_Medial_Paralemniscial_and_Supratrigemnial_Nuclei,Su5,Left,3_hindbrain,1_prepontine_hindbrain,r1,3_pontomedullary_hindbrain,6_hindbrain,101,101.0,0,6_hindbrain,L,HB,Prepontine,HB,PP
Motor_Root_of_Trigeminal_Nerve,m5,Left,4_white_matter_tracts,hindbrain_white_matter,axial_hindbrain_white_matter,white_matter,7_whitematter,102,102.0,0,6_hindbrain,L,WM,HB,WM,HB
Trigeminal_Motor_Nucleus,5N,Left,3_hindbrain,1_prepontine_hindbrain,r2,3_pontomedullary_hindbrain,6_hindbrain,103,103.0,0,6_hindbrain,L,HB,Prepontine,HB,PP
Pontine_Reticular_NucleusOral,PnO,Left,3_hindbrain,1_prepontine_hindbrain,r2,3_pontomedullary_hindbrain,6_hindbrain,104,104.0,1,6_hindbrain,L,HB,Prepontine,HB,PP
Raphe_Nucleus,Raph,Left,3_hindbrain,1_prepontine_hindbrain,r1_and_r2,3_pontomedullary_hindbrain,6_hindbrain,105,105.0,0,6_hindbrain,L,HB,Prepontine,HB,PP
Trigeminal_Sensory_Nucleus,Pr5,Left,3_hindbrain,1_prepontine_hindbrain,r1_and_r2,3_pontomedullary_hindbrain,6_hindbrain,106,106.0,0,6_hindbrain,L,HB,Prepontine,HB,PP
Dorsal_Tegmentum,DTg,Left,3_hindbrain,1_prepontine_hindbrain,r1_and_r2,1_pons,6_hindbrain,107,107.0,0,6_hindbrain,L,HB,Prepontine,HB,PP
Tegmental_Nucleus,Tg,Left,3_hindbrain,2_pontine_hindbrain,r1,1_pons,6_hindbrain,108,108.0,0,6_hindbrain,L,HB,Pontine,HB,PO
Cochlear_Nucleus,CoN,Left,3_hindbrain,2_pontine_hindbrain,r3,1_pons,6_hindbrain,109,109.0,0,6_hindbrain,L,HB,Pontine,HB,PO
Pontine_Nucleus,Pn,Left,3_hindbrain,2_pontine_hindbrain,r3_and_r4,1_pons,6_hindbrain,110,110.0,0,6_hindbrain,L,HB,Pontine,HB,PO
Reticulotegmental_Nucleus_of_Pons,RTg,Left,3_hindbrain,2_pontine_hindbrain,r3_and_r4,1_pons,6_hindbrain,111,111.0,0,6_hindbrain,L,HB,Pontine,HB,PO
Olivary_Complex,Oliv,Left,3_hindbrain,3_pontomedullary_hindbrain,r5,1_pons,6_hindbrain,112,112.0,0,6_hindbrain,L,HB,Pontomedullar,HB,PM
Pontine_Reticular_NucleusCaudal,PnC,Left,3_hindbrain,3_pontomedullary_hindbrain,r5,1_pons,6_hindbrain,113,113.0,0,6_hindbrain,L,HB,Pontomedullar,HB,PM
Spinal_Trigeminal_Nucleus,Sp5,Left,3_hindbrain,3_pontomedullary_hindbrain,r3_to_r11,1_pons,6_hindbrain,114,114.0,0,6_hindbrain,L,HB,Pontomedullar,HB,PM
Vestibular_Nuclei,Ve,Left,3_hindbrain,3_pontomedullary_hindbrain,r3_to_r9,1_pons,6_hindbrain,115,115.0,0,6_hindbrain,L,HB,Pontomedullar,HB,PM
Gigantocellular_Reticular_Nucleus,Gi,Left,3_hindbrain,4_medullary_hindbrain,r6_to_r10,4_medulla,6_hindbrain,116,116.0,0,6_hindbrain,L,HB,Medullary,HB,ME
Cuneate_Nucleus,Cu,Left,3_hindbrain,4_medullary_hindbrain,r9_to_r10,4_medulla,6_hindbrain,117,117.0,0,6_hindbrain,L,HB,Medullary,HB,ME
Anterior_Commisure,ac,Left,4_white_matter_tracts,forebrain_white_matter,prosencephalon_white_matter,white_matter,7_whitematter,118,118.0,0,1_isocortex,L,WM,FB,WM,FB
Optic_Tracts,ot,Left,4_white_matter_tracts,forebrain_white_matter,prosencephalon_white_matter,white_matter,7_whitematter,119,119.0,0,1_isocortex,L,WM,FB,WM,FB
Fimbria,fi,Left,4_white_matter_tracts,forebrain_white_matter,prosencephalon_white_matter,white_matter,7_whitematter,120,120.0,1,1_isocortex,L,WM,FB,WM,FB
Corpus_Callosum,cc,Left,4_white_matter_tracts,forebrain_white_matter,prosencephalon_white_matter,white_matter,7_whitematter,121,121.0,1,1_isocortex,L,WM,FB,WM,FB
Fornix,fx,Left,4_white_matter_tracts,forebrain_white_matter,prosencephalon_white_matter,white_matter,7_whitematter,122,122.0,1,1_isocortex,L,WM,FB,WM,FB
Stria_Terminalis,st,Left,4_white_matter_tracts,forebrain_white_matter,prosencephalon_white_matter,white_matter,7_whitematter,123,123.0,0,1_isocortex,L,WM,FB,WM,FB
Cingulum,cg,Left,4_white_matter_tracts,forebrain_white_matter,prosencephalon_white_matter,white_matter,7_whitematter,124,124.0,0,1_isocortex,L,WM,FB,WM,FB
Lateral_Olfactory_Tract,lo,Left,4_white_matter_tracts,forebrain_white_matter,prosencephalon_white_matter,white_matter,7_whitematter,125,125.0,0,1_isocortex,L,WM,FB,WM,FB
Ventral_Hippocampal_Commissure,vhc,Left,4_white_matter_tracts,forebrain_white_matter,prosencephalon_white_matter,white_matter,7_whitematter,126,126.0,0,1_isocortex,L,WM,FB,WM,FB
Internal_Capsule,ic,Left,4_white_matter_tracts,forebrain_white_matter,diencephalon_white_matter,white_matter,7_whitematter,127,127.0,0,4_diencephalon,L,WM,FB,WM,FB
Fasciculus_Retroflexus,fr,Left,4_white_matter_tracts,forebrain_white_matter,diencephalon_white_matter,white_matter,7_whitematter,128,128.0,0,4_diencephalon,L,WM,FB,WM,FB
Stria_Medularis,sm,Left,4_white_matter_tracts,forebrain_white_matter,diencephalon_white_matter,white_matter,7_whitematter,129,129.0,0,4_diencephalon,L,WM,FB,WM,FB
Mamillothalamic_Tract,mt,Left,4_white_matter_tracts,forebrain_white_matter,diencephalon_white_matter,white_matter,7_whitematter,130,130.0,0,4_diencephalon,L,WM,FB,WM,FB
Posterior_Commissure,pc,Left,4_white_matter_tracts,forebrain_white_matter,diencephalon_white_matter,white_matter,7_whitematter,131,131.0,0,4_diencephalon,L,WM,FB,WM,FB
Brachium_of_Superior_Colliculus,bsc,Left,4_white_matter_tracts,midbrain_white_matter,colliculi_white_matter,white_matter,7_whitematter,132,132.0,0,4_diencephalon,L,WM,MB,WM,MB
Cerebral_Peduncle,cp,Left,4_white_matter_tracts,midbrain_white_matter,other_midbrain_white_matter,white_matter,7_whitematter,133,133.0,0,4_diencephalon,L,WM,MB,WM,MB
Lateral_Lemniscus,ll,Left,4_white_matter_tracts,hindbrain_white_matter,axial_hindbrain_white_matter,white_matter,7_whitematter,134,134.0,1,6_hindbrain,L,WM,HB,WM,HB
Spinal_Trigeminal_Nerve,sp5,Left,4_white_matter_tracts,hindbrain_white_matter,axial_hindbrain_white_matter,white_matter,7_whitematter,135,135.0,0,6_hindbrain,L,WM,HB,WM,HB
Pyramidal_Tract,py,Left,4_white_matter_tracts,hindbrain_white_matter,axial_hindbrain_white_matter,white_matter,7_whitematter,136,136.0,0,6_hindbrain,L,WM,HB,WM,HB
Vestibulocochlear_Nerve,n8,Left,4_white_matter_tracts,hindbrain_white_matter,axial_hindbrain_white_matter,white_matter,7_whitematter,137,137.0,0,6_hindbrain,L,WM,HB,WM,HB
Facial_Nerve,n7,Left,4_white_matter_tracts,hindbrain_white_matter,axial_hindbrain_white_matter,white_matter,7_whitematter,138,138.0,0,6_hindbrain,L,WM,HB,WM,HB
Longitudinal_Fasciculus_of_Pons,lfp,Left,4_white_matter_tracts,hindbrain_white_matter,axial_hindbrain_white_matter,white_matter,7_whitematter,139,139.0,0,6_hindbrain,L,WM,HB,WM,HB
Medial_Longitudinal_Fasciculus_and_Tectospinal_Tract,mlf_ts,Left,4_white_matter_tracts,hindbrain_white_matter,axial_hindbrain_white_matter,white_matter,7_whitematter,140,140.0,0,6_hindbrain,L,WM,HB,WM,HB
Spinocerebellar_Tract,sc,Left,4_white_matter_tracts,hindbrain_white_matter,axial_hindbrain_white_matter,white_matter,7_whitematter,141,141.0,0,6_hindbrain,L,WM,HB,WM,HB
Medial_Lemniscus,ml,Left,4_white_matter_tracts,hindbrain_white_matter,axial_hindbrain_white_matter,white_matter,7_whitematter,142,142.0,0,6_hindbrain,L,WM,HB,WM,HB
Ventral_Spinocerebellar_Tract,vsc,Left,4_white_matter_tracts,hindbrain_white_matter,axial_hindbrain_white_matter,white_matter,7_whitematter,143,143.0,0,6_hindbrain,L,WM,HB,WM,HB
Middle_Cerebellar_Peduncle,mcp,Left,4_white_matter_tracts,hindbrain_white_matter,cerebellar_white_matter,white_matter,7_whitematter,144,144.0,0,6_hindbrain,L,WM,HB,WM,HB
Superior_Cerebellar_Peduncle,scp,Left,4_white_matter_tracts,hindbrain_white_matter,cerebellar_white_matter,white_matter,7_whitematter,145,145.0,0,6_hindbrain,L,WM,HB,WM,HB
Inferior_Cerebellar_Peduncle,icp_oc_tz,Left,4_white_matter_tracts,hindbrain_white_matter,cerebellar_white_matter,white_matter,7_whitematter,146,146.0,0,6_hindbrain,L,WM,HB,WM,HB
Cerebellar_White_Matter,cbw,Left,4_white_matter_tracts,hindbrain_white_matter,cerebellar_white_matter,white_matter,7_whitematter,147,147.0,0,6_hindbrain,L,WM,HB,WM,HB
Lateral_Ventricle,LV,Left,5_ventricular_system,forebrain,forebrain_CSF,cerebrospinal_fluid,8_CSF,148,148.0,0,csf,L,VS,FB,VS,VS
Cingulate_Cortex_Area_25,A25,Left,1_forebrain,1_secondary_prosencephalon,1_isocortex,2_cingulate_cortex,1_isocortex,149,149.0,0,1_isocortex,L,FB,Prosencephalon,Isocortex,IS
Dorsal_Acustic_Stria,das,Left,4_white_matter_tracts,hindbrain_white_matter,axial_hindbrain_white_matter,white_matter,7_whitematter,150,150.0,0,6_hindbrain,L,WM,HB,WM,HB
Postsubiculum,Post,Left,1_forebrain,1_secondary_prosencephalon,3_medial_pallium,6_medial_pallium,2_pallium,151,151.0,0,1_isocortex,L,FB,Prosencephalon,Pallium,PA
Ventricular_System_4thVentricle,4V,Left,5_ventricular_system,hindbrain,hindbrain_CSF,cerebrospinal_fluid,8_CSF,152,152.0,0,8_CSF,L,VS,HB,VS,VS
Microcellular_Tegmental_Nucleus,MiTg,Left,3_hindbrain,1_prepontine_hindbrain,isthmus,3_pontomedullary_hindbrain,6_hindbrain,153,153.0,1,6_hindbrain,L,HB,Prepontine,HB,PP
Pretectal_Nucleus,PT,Left,1_forebrain,2_diencephalon,p1,15_pretectum,4_diencephalon,154,154.0,0,4_diencephalon,L,FB,Diencephalon,Diencephalon,DI
Latero_Dorsal_Thalamic_Nucleus_Ventro_Lateral,LDVL,Left,1_forebrain,2_diencephalon,p2,17_thalamus,4_diencephalon,155,155.0,0,4_diencephalon,L,FB,Diencephalon,Diencephalon,DI
Latero_Posterior_Nuclei_of_Thalamus,LP,Left,1_forebrain,2_diencephalon,p2,17_thalamus,4_diencephalon,156,156.0,0,4_diencephalon,L,FB,Diencephalon,Diencephalon,DI
Anterior_Thalamic_Nuclei,Athal,Left,1_forebrain,2_diencephalon,p2,17_thalamus,4_diencephalon,157,157.0,0,4_diencephalon,L,FB,Diencephalon,Diencephalon,DI
Red_Nucleus_Magnocellular,RMC,Left,2_midbrain,m1,m1,1_pretectal_tegmentum,4_diencephalon,158,158.0,0,4_diencephalon,L,MB,M1,Diencephalon,DI
Pararubral_Nucleus,PaR,Left,2_midbrain,m1,p1_and_m1_and_m2,2_midbrain_tegmentum,5_midbrain,159,159.0,0,5_midbrain,L,MB,M1,MB,MB
Retro_Rubral_Field,RR,Left,3_hindbrain,1_prepontine_hindbrain,isthmus,3_pontomedullary_hindbrain,6_hindbrain,160,160.0,0,6_hindbrain,L,HB,Prepontine,HB,PP
Cerebrospinal_fluid,CSF,Left,5_ventricular_system,combo,combo,CSF,8_CSF,161,161.0,0,8_CSF,L,VS,Combo,VS,VS
IntermediateReticularNucleus,IRN,Left,3_hindbrain,2_pontine_hindbrain,,axial_hindbrain_white_matter,6_hindbrain,162,162.0,0,6_hindbrain,L,HB,Pontine,HB,PO
PosteriorDorsal_ParaventricularMedialParvicellular_Posterior_LateralHypothalamus,PHD_PaMP_Post_and_LatHy,Left,1_forebrain,1_secondary_prosencephalon,8_rostral_secondary_prosencephalon,5_hypothalamus,4_diencephalon,163,163.0,1,4_diencephalon,L,FB,Prosencephalon,Diencephalon,DI
Prerubral_Forel,PR_p3Tg_L,Left,1_forebrain,2_diencephalon,p2_and_p3,17_thalamus,4_diencephalon,164,164.0,0,4_diencephalon,L,FB,Diencephalon,Diencephalon,DI
PVG_of_Hypothalamus,PVG,Left,1_forebrain,1_secondary_prosencephalon,8_rostral_secondary_prosencephalon,5_hypothalamus,4_diencephalon,165,165.0,0,4_diencephalon,L,FB,Prosencephalon,Diencephalon,DI
Basal Lateral Amygdala,BLA,Left,1_forebrain,1_secondary_prosencephalon,6_subpallium,8_pallial_and_subpallial_amygdala,2_pallium,166,166.0,0,2_pallium,L,FB,Prosencephalon,Pallium,PA
Cingulate_Cortex_Area_24a,A24a.1,Right,1_forebrain,1_secondary_prosencephalon,1_isocortex,2_cingulate_cortex,1_isocortex,167,1001.0,0,1_isocortex,R,FB,Prosencephalon,Isocortex,IS
Cingulate_Cortex_Area_24a_prime,A24aPrime.1,Right,1_forebrain,1_secondary_prosencephalon,1_isocortex,2_cingulate_cortex,1_isocortex,168,1002.0,0,1_isocortex,R,FB,Prosencephalon,Isocortex,IS
Cingulate_Cortex_Area_24b,A24b.1,Right,1_forebrain,1_secondary_prosencephalon,1_isocortex,2_cingulate_cortex,1_isocortex,169,1003.0,0,1_isocortex,R,FB,Prosencephalon,Isocortex,IS
Cingulate_Cortex_Area_24b_prime,A24bPrime.1,Right,1_forebrain,1_secondary_prosencephalon,1_isocortex,2_cingulate_cortex,1_isocortex,170,1004.0,0,1_isocortex,R,FB,Prosencephalon,Isocortex,IS
Cingulate_Cortex_Area_29a,A29a.1,Right,1_forebrain,1_secondary_prosencephalon,1_isocortex,2_cingulate_cortex,1_isocortex,171,1005.0,0,1_isocortex,R,FB,Prosencephalon,Isocortex,IS
Cingulate_Cortex_Area_29b,A29b.1,Right,1_forebrain,1_secondary_prosencephalon,1_isocortex,2_cingulate_cortex,1_isocortex,172,1006.0,0,1_isocortex,R,FB,Prosencephalon,Isocortex,IS
Cingulate_Cortex_Area_29c,A29c.1,Right,1_forebrain,1_secondary_prosencephalon,1_isocortex,2_cingulate_cortex,1_isocortex,173,1007.0,0,1_isocortex,R,FB,Prosencephalon,Isocortex,IS
Cingulate_Cortex_Area_30,A30.1,Right,1_forebrain,1_secondary_prosencephalon,1_isocortex,2_cingulate_cortex,1_isocortex,174,1008.0,0,1_isocortex,R,FB,Prosencephalon,Isocortex,IS
Cingulate_Cortex_Area_32,A32.1,Right,1_forebrain,1_secondary_prosencephalon,1_isocortex,2_cingulate_cortex,1_isocortex,175,1009.0,0,1_isocortex,R,FB,Prosencephalon,Isocortex,IS
Primary_Auditory_Cortex,Au1.1,Right,1_forebrain,1_secondary_prosencephalon,1_isocortex,6_medial_pallium,1_isocortex,176,1010.0,0,1_isocortex,R,FB,Prosencephalon,Isocortex,IS
Secondary_Auditory_Cortex_Dorsal_Part,AuD.1,Right,1_forebrain,1_secondary_prosencephalon,1_isocortex,3_temporal_cortex,1_isocortex,177,1011.0,0,1_isocortex,R,FB,Prosencephalon,Isocortex,IS
Secondary_Auditory_Cortex_Ventral_Part,AuV.1,Right,1_forebrain,1_secondary_prosencephalon,1_isocortex,3_temporal_cortex,1_isocortex,178,1012.0,0,1_isocortex,R,FB,Prosencephalon,Isocortex,IS
Dorsolateral_Orbital_Cortex,DLO.1,Right,1_forebrain,1_secondary_prosencephalon,1_isocortex,1_frontal_cortex,1_isocortex,179,1013.0,0,1_isocortex,R,FB,Prosencephalon,Isocortex,IS
Frontal_Cortex_Area_3,Fr3.1,Right,1_forebrain,1_secondary_prosencephalon,1_isocortex,1_frontal_cortex,1_isocortex,180,1014.0,0,1_isocortex,R,FB,Prosencephalon,Isocortex,IS
Frontal_Association_Cortex,FrA.1,Right,1_forebrain,1_secondary_prosencephalon,1_isocortex,1_frontal_cortex,1_isocortex,181,1015.0,0,1_isocortex,R,FB,Prosencephalon,Isocortex,IS
Insular_Cortex,Ins.1,Right,1_forebrain,1_secondary_prosencephalon,1_isocortex,4_insular_cortex,1_isocortex,182,1016.0,0,1_isocortex,R,FB,Prosencephalon,Isocortex,IS
Lateral_Orbital_Cortex,LO.1,Right,1_forebrain,1_secondary_prosencephalon,1_isocortex,1_frontal_cortex,1_isocortex,183,1017.0,0,1_isocortex,R,FB,Prosencephalon,Isocortex,IS
Lateral_Parietal_Association_Cortex,LPtA.1,Right,1_forebrain,1_secondary_prosencephalon,1_isocortex,12_parietal_cortex,1_isocortex,184,1018.0,0,1_isocortex,R,FB,Prosencephalon,Isocortex,IS
Primary_Motor_Cortex,M1.1,Right,1_forebrain,1_secondary_prosencephalon,1_isocortex,1_frontal_cortex,1_isocortex,185,1019.0,0,1_isocortex,R,FB,Prosencephalon,Isocortex,IS
Secondary_Motor_Cortex,M2.1,Right,1_forebrain,1_secondary_prosencephalon,1_isocortex,12_parietal_cortex,1_isocortex,186,1020.0,0,1_isocortex,R,FB,Prosencephalon,Isocortex,IS
Medial_Orbital_Cortex,MO.1,Right,1_forebrain,1_secondary_prosencephalon,1_isocortex,1_frontal_cortex,1_isocortex,187,1021.0,0,1_isocortex,R,FB,Prosencephalon,Isocortex,IS
Medial_Parietal_Association_Cortex,MPtA.1,Right,1_forebrain,1_secondary_prosencephalon,1_isocortex,12_parietal_cortex,1_isocortex,188,1022.0,0,1_isocortex,R,FB,Prosencephalon,Isocortex,IS
Parietal_Cortex_Posterior_Area_Rostral_Part,PtPR.1,Right,1_forebrain,1_secondary_prosencephalon,1_isocortex,12_parietal_cortex,1_isocortex,189,1023.0,0,1_isocortex,R,FB,Prosencephalon,Isocortex,IS
Primary_Somatosensory_Cortex,S1.1,Right,1_forebrain,1_secondary_prosencephalon,1_isocortex,1_frontal_cortex,1_isocortex,190,1024.0,0,1_isocortex,R,FB,Prosencephalon,Isocortex,IS
Primary_Somatosensory_Cortex_Barrel_Field,S1BF.1,Right,1_forebrain,1_secondary_prosencephalon,1_isocortex,1_frontal_cortex,1_isocortex,191,1025.0,0,1_isocortex,R,FB,Prosencephalon,Isocortex,IS
Primary_Somatosensory_Cortex_Dysgranular_Zone,S1DZ.1,Right,1_forebrain,1_secondary_prosencephalon,1_isocortex,4_insular_cortex,1_isocortex,192,1026.0,0,1_isocortex,R,FB,Prosencephalon,Isocortex,IS
Primary_Somatosensory_CortexForelimb_Region,S1FL.1,Right,1_forebrain,1_secondary_prosencephalon,1_isocortex,1_frontal_cortex,1_isocortex,193,1027.0,0,1_isocortex,R,FB,Prosencephalon,Isocortex,IS
Primary_Somatosensory_Cortex_Hindlimb_Region,S1HL.1,Right,1_forebrain,1_secondary_prosencephalon,1_isocortex,1_frontal_cortex,1_isocortex,194,1028.0,0,1_isocortex,R,FB,Prosencephalon,Isocortex,IS
Primary_Somatosensory_Cortex_Jaw_Region,S1J.1,Right,1_forebrain,1_secondary_prosencephalon,1_isocortex,1_frontal_cortex,1_isocortex,195,1029.0,0,1_isocortex,R,FB,Prosencephalon,Isocortex,IS
Primary_Somatosensory_Cortex_Shoulder_Region,S1Sh.1,Right,1_forebrain,1_secondary_prosencephalon,1_isocortex,1_frontal_cortex,1_isocortex,196,1030.0,0,1_isocortex,R,FB,Prosencephalon,Isocortex,IS
Primary_Somatosensory_Cortex_Trunk_Region,S1Tr.1,Right,1_forebrain,1_secondary_prosencephalon,1_isocortex,1_frontal_cortex,1_isocortex,197,1031.0,0,1_isocortex,R,FB,Prosencephalon,Isocortex,IS
Primary_Somatosensory_Cortex_Upper_Lip_Region,S1ULp.1,Right,1_forebrain,1_secondary_prosencephalon,1_isocortex,1_frontal_cortex,1_isocortex,198,1032.0,0,1_isocortex,R,FB,Prosencephalon,Isocortex,IS
Secondary_Somatosensory_Cortex,S2.1,Right,1_forebrain,1_secondary_prosencephalon,1_isocortex,3_temporal_cortex,1_isocortex,199,1033.0,0,1_isocortex,R,FB,Prosencephalon,Isocortex,IS
Temporal_Association_Cortex,TeA.1,Right,1_forebrain,1_secondary_prosencephalon,1_isocortex,1_frontal_cortex,1_isocortex,200,1034.0,0,1_isocortex,R,FB,Prosencephalon,Isocortex,IS
Primary_Visual_Cortex,V1.1,Right,1_forebrain,1_secondary_prosencephalon,1_isocortex,13_occipital_cortex,1_isocortex,201,1035.0,0,1_isocortex,R,FB,Prosencephalon,Isocortex,IS
Primary_Visual_Cortex_Binocular_Area,V1B.1,Right,1_forebrain,1_secondary_prosencephalon,1_isocortex,13_occipital_cortex,1_isocortex,202,1036.0,0,1_isocortex,R,FB,Prosencephalon,Isocortex,IS
Primary_Visual_Cortex_Monocular_Area,V1M.1,Right,1_forebrain,1_secondary_prosencephalon,1_isocortex,13_occipital_cortex,1_isocortex,203,1037.0,0,1_isocortex,R,FB,Prosencephalon,Isocortex,IS
Secondary_Visual_CortexLateral_Area,V2L.1,Right,1_forebrain,1_secondary_prosencephalon,1_isocortex,13_occipital_cortex,1_isocortex,204,1038.0,0,1_isocortex,R,FB,Prosencephalon,Isocortex,IS
Secondary_Visual_Cortex_Mediolateral_Area,V2ML.1,Right,1_forebrain,1_secondary_prosencephalon,1_isocortex,13_occipital_cortex,1_isocortex,205,1039.0,0,1_isocortex,R,FB,Prosencephalon,Isocortex,IS
Secondary_Visual_Cortex_Mediomedial_Area,V2MM.1,Right,1_forebrain,1_secondary_prosencephalon,1_isocortex,13_occipital_cortex,1_isocortex,206,1040.0,0,1_isocortex,R,FB,Prosencephalon,Isocortex,IS
Ventral_Orbital_Cortex,VO.1,Right,1_forebrain,1_secondary_prosencephalon,1_isocortex,1_frontal_cortex,1_isocortex,207,1041.0,0,1_isocortex,R,FB,Prosencephalon,Isocortex,IS
Caudomedial_Entorhinal_Cortex,CEnt.1,Right,1_forebrain,1_secondary_prosencephalon,4_dorsal_pallium,3_temporal_cortex,2_pallium,208,1042.0,0,2_pallium,R,FB,Prosencephalon,Pallium,PA
Dorsal_Intermediate_Entorhinal_Cortex,DIEnt.1,Right,1_forebrain,1_secondary_prosencephalon,4_dorsal_pallium,3_temporal_cortex,2_pallium,209,1043.0,0,2_pallium,R,FB,Prosencephalon,Pallium,PA
Dorsolateral_Entorhinal_Cortex,DLEnt.1,Right,1_forebrain,1_secondary_prosencephalon,4_dorsal_pallium,3_temporal_cortex,2_pallium,210,1044.0,0,2_pallium,R,FB,Prosencephalon,Pallium,PA
Medial_Entorhinal_Cortex,MEnt.1,Right,1_forebrain,1_secondary_prosencephalon,4_dorsal_pallium,3_temporal_cortex,2_pallium,211,1045.0,0,2_pallium,R,FB,Prosencephalon,Pallium,PA
Ventral_Intermediate_Entorhinal_Cortex,VIEnt.1,Right,1_forebrain,1_secondary_prosencephalon,4_dorsal_pallium,3_temporal_cortex,2_pallium,212,1046.0,0,2_pallium,R,FB,Prosencephalon,Pallium,PA
Claustrum,Cl.1,Right,1_forebrain,1_secondary_prosencephalon,2_lateral_pallium,7_lateral_pallium,2_pallium,213,1047.0,0,2_pallium,R,FB,Prosencephalon,Pallium,PA
Dorsal_Claustrum,DCl.1,Right,1_forebrain,1_secondary_prosencephalon,2_lateral_pallium,7_lateral_pallium,2_pallium,214,1048.0,0,2_pallium,R,FB,Prosencephalon,Pallium,PA
Posterolateral_Cortical_Amygdaloid_Area,PLCo.1,Right,1_forebrain,1_secondary_prosencephalon,2_lateral_pallium,8_pallial_and_subpallial_amygdala,2_pallium,215,1049.0,0,2_pallium,R,FB,Prosencephalon,Pallium,PA
Ventral_Claustrum,VCl.1,Right,1_forebrain,1_secondary_prosencephalon,2_lateral_pallium,7_lateral_pallium,2_pallium,216,1050.0,0,2_pallium,R,FB,Prosencephalon,Pallium,PA
Hippocampus,Hc.1,Right,1_forebrain,1_secondary_prosencephalon,3_medial_pallium,6_medial_pallium,2_pallium,217,1051.0,0,2_pallium,R,FB,Prosencephalon,Pallium,PA
Dorsal_Tenia_Tecta,DTT.1,Right,1_forebrain,1_secondary_prosencephalon,3_medial_pallium,6_medial_pallium,2_pallium,218,1052.0,0,2_pallium,R,FB,Prosencephalon,Pallium,PA
Ectorhinal_Cortex,Ect.1,Right,1_forebrain,1_secondary_prosencephalon,3_medial_pallium,3_temporal_cortex,2_pallium,219,1053.0,0,2_pallium,R,FB,Prosencephalon,Pallium,PA
Parasubiculum,PaS.1,Right,1_forebrain,1_secondary_prosencephalon,3_medial_pallium,6_medial_pallium,2_pallium,220,1054.0,0,2_pallium,R,FB,Prosencephalon,Pallium,PA
Perirhinal_Cortex,PRh.1,Right,1_forebrain,1_secondary_prosencephalon,3_medial_pallium,3_temporal_cortex,2_pallium,221,1055.0,0,2_pallium,R,FB,Prosencephalon,Pallium,PA
Presubiculum,PrS.1,Right,1_forebrain,1_secondary_prosencephalon,3_medial_pallium,6_medial_pallium,2_pallium,222,1056.0,0,2_pallium,R,FB,Prosencephalon,Pallium,PA
Piriform_Cortex,Pir.1,Right,1_forebrain,1_secondary_prosencephalon,5_ventral_pallium,12_lateral_pallium,2_pallium,223,1057.0,0,2_pallium,R,FB,Prosencephalon,Pallium,PA
Amygdalopiriform_Transition_Area,APir.1,Right,1_forebrain,1_secondary_prosencephalon,5_ventral_pallium,15_pallium,2_pallium,224,1058.0,0,2_pallium,R,FB,Prosencephalon,Pallium,PA
Hypothalamus,Hyp.1,Right,1_forebrain,1_secondary_prosencephalon,8_rostral_secondary_prosencephalon,5_hypothalamus,4_diencephalon,225,1059.0,0,4_diencephalon,R,FB,Prosencephalon,Diencephalon,DI
Preoptic_Telencephalon,Pre_Tel,Right,1_forebrain,1_secondary_prosencephalon,8_rostral_secondary_prosencephalon,6_medial_pallium,2_pallium,226,1060.0,0,2_pallium,R,FB,Prosencephalon,Pallium,PA
Subthalamic_Nucleus,Sthal.1,Right,1_forebrain,1_secondary_prosencephalon,8_caudal_secondary_prosencephalon,5_hypothalamus,4_diencephalon,227,1061.0,0,4_diencephalon,R,FB,Prosencephalon,Diencephalon,DI
Septum,SPT.1,Right,1_forebrain,1_secondary_prosencephalon,6_subpallium,8_subpallial_amygdala,3_subpallium,228,1062.0,0,3_subpallium,R,FB,Prosencephalon,Subpallium,SP
Globus_Pallidus,GP.1,Right,1_forebrain,1_secondary_prosencephalon,6_subpallium,9_pallidum,3_subpallium,229,1063.0,0,3_subpallium,R,FB,Prosencephalon,Subpallium,SP
Striatum,CPu.1,Right,1_forebrain,1_secondary_prosencephalon,6_subpallium,10_subpallial_septum,3_subpallium,230,1064.0,0,3_subpallium,R,FB,Prosencephalon,Subpallium,SP
Amygdala,Amy.1,Right,1_forebrain,1_secondary_prosencephalon,6_subpallium,9_pallidum,3_subpallium,231,1065.0,0,3_subpallium,R,FB,Prosencephalon,Subpallium,SP
Accumbens,Acb.1,Right,1_forebrain,1_secondary_prosencephalon,6_subpallium,14_striatum,3_subpallium,232,1066.0,0,3_subpallium,R,FB,Prosencephalon,Subpallium,SP
Bed_Nucleus_of_the_Stria_Terminalis,BNst.1,Right,1_forebrain,1_secondary_prosencephalon,6_subpallium,8_pallial_and_subpallial_amygdala,3_subpallium,233,1067.0,0,3_subpallium,R,FB,Prosencephalon,Subpallium,SP
Ventral_Pallidum,Vpal.1,Right,1_forebrain,1_secondary_prosencephalon,6_subpallium,11_paraseptal_subpallium,3_subpallium,234,1068.0,0,3_subpallium,R,FB,Prosencephalon,Subpallium,SP
Periaquaductal_Grey,PAG.1,Right,1_forebrain,2_diencephalon,p1,15_pretectum,4_diencephalon,235,1069.0,0,4_diencephalon,R,FB,Diencephalon,Diencephalon,DI
Anterior_Pretectal_Nucleus,APT.1,Right,1_forebrain,2_diencephalon,p1,15_pretectum,4_diencephalon,236,1070.0,0,4_diencephalon,R,FB,Diencephalon,Diencephalon,DI
Ventral_Tegmental_Area,VTA.1,Right,1_forebrain,2_diencephalon,p1,18_tegmentum,4_diencephalon,237,1071.0,0,4_diencephalon,R,FB,Diencephalon,Diencephalon,DI
Thalamus_Rest,Thal_R.1,Right,1_forebrain,2_diencephalon,p2,17_thalamus,4_diencephalon,238,1072.0,0,4_diencephalon,R,FB,Diencephalon,Diencephalon,DI
Ventral_Thalamic_Nuclei,VT.1,Right,1_forebrain,2_diencephalon,p2,17_thalamus,4_diencephalon,239,1073.0,0,4_diencephalon,R,FB,Diencephalon,Diencephalon,DI
Latero_Dorsal_Nucleus_of_Thalamus,LDNT.1,Right,1_forebrain,2_diencephalon,p2,17_thalamus,4_diencephalon,240,1074.0,0,4_diencephalon,R,FB,Diencephalon,Diencephalon,DI
Medial_Geniculate_Nucleus,MGN.1,Right,1_forebrain,2_diencephalon,p2,17_thalamus,4_diencephalon,241,1075.0,0,4_diencephalon,R,FB,Diencephalon,Diencephalon,DI
Lateral_Geniculate_Nucleus,LGN.1,Right,1_forebrain,2_diencephalon,p2,17_thalamus,4_diencephalon,242,1076.0,0,4_diencephalon,R,FB,Diencephalon,Diencephalon,DI
Zona_Incerta,ZI.1,Right,1_forebrain,2_diencephalon,p3,16_prethalamus,4_diencephalon,243,1077.0,0,4_diencephalon,R,FB,Diencephalon,Diencephalon,DI
Reticular_Nucleus_of_Thalamus,RTN.1,Right,1_forebrain,2_diencephalon,p3,17_thalamus,4_diencephalon,244,1078.0,0,4_diencephalon,R,FB,Diencephalon,Diencephalon,DI
Subbrachial_Nucleus_and_Peripeduncular_Nucleus,Sub_PP.1,Right,1_forebrain,2_diencephalon,p3,3_middbrain_tectum,4_diencephalon,245,1079.0,0,4_diencephalon,R,FB,Diencephalon,Diencephalon,DI
Deep_Mesencephalic_Nuclei,DpMe.1,Right,2_midbrain,combo,p1,1_pretectal_tegmentum,4_diencephalon,246,1080.0,0,4_diencephalon,R,MB,Combo,Diencephalon,DI
Superior_Colliculus,SC.1,Right,2_midbrain,m1,m1,3_middbrain_tectum,5_midbrain,247,1081.0,0,5_midbrain,R,MB,M1,MB,MB
Inferior_Colliculus,IC.1,Right,2_midbrain,m1,m1,3_middbrain_tectum,5_midbrain,248,1082.0,0,5_midbrain,R,MB,M1,MB,MB
Substantia_Nigra,SN.1,Right,2_midbrain,m1,m1,2_midbrain_tegmentum,5_midbrain,249,1083.0,0,5_midbrain,R,MB,M1,MB,MB
Red_Nucleus_Parvicellular,RPC.1,Right,2_midbrain,2_diencephalon,p1,16_pretectal_tegmentum,4_diencephalon,250,1084.0,0,5_midbrain,R,FB,Diencephalon,Diencephalon,DI
Midbrain_Reticular_Nucleus,MRN.1,Right,2_midbrain,m1,m1,3_middbrain_tectum,5_midbrain,251,1085.0,0,5_midbrain,R,MB,M1,MB,MB
Rostral_Linear_Nucleus,RI.1,Right,2_midbrain,m1,m1,2_midbrain_tegmentum,5_midbrain,252,1086.0,0,5_midbrain,R,MB,M1,MB,MB
Cuneiform_Nucleus,Cn.1,Right,2_midbrain,m2,m2,3_midbrain_tectum,5_midbrain,253,1087.0,0,5_midbrain,R,MB,M2,MB,MB
Precuneiform_Nucleus,PrCn.1,Right,2_midbrain,m2,m2,3_midbrain_tectum,5_midbrain,254,1088.0,0,5_midbrain,R,MB,M2,MB,MB
Brain_Stem_Rest,BS_R.1,Right,3_hindbrain,combo,combo,5_combo,6_hindbrain,255,1089.0,0,6_hindbrain,R,HB,Combo,HB,BS
Interpeduncular_Nucleus,Iped.1,Right,3_hindbrain,1_prepontine_hindbrain,isthmus,1_pons,6_hindbrain,256,1090.0,0,6_hindbrain,R,HB,Prepontine,HB,PP
Cerebellar_Cortex,Cb_1_10.1,Right,3_hindbrain,1_prepontine_hindbrain,isthmus,2_cerebellum,6_hindbrain,257,1091.0,0,6_hindbrain,R,HB,Prepontine,HB,PP
Dentate_(Lateral)_Nucleus_of_Cerebellum,Den.1,Right,3_hindbrain,1_prepontine_hindbrain,isthmus,2_cerebellum,6_hindbrain,258,1092.0,0,6_hindbrain,R,HB,Prepontine,HB,PP
Interposed_Nucleus_of_Cerebellum,Int.1,Right,3_hindbrain,1_prepontine_hindbrain,isthmus,2_cerebellum,6_hindbrain,259,1093.0,0,6_hindbrain,R,HB,Prepontine,HB,PP
Fastigial_Medial_Dorsolateral_Nucleus_of_Cerebellum,FasDL.1,Right,3_hindbrain,1_prepontine_hindbrain,isthmus,2_cerebellum,6_hindbrain,260,1094.0,0,6_hindbrain,R,HB,Prepontine,HB,PP
Fastigial_Medial_Nucleus_of_Cerebellum,FasMed.1,Right,3_hindbrain,1_prepontine_hindbrain,isthmus,2_cerebellum,6_hindbrain,261,1095.0,0,6_hindbrain,R,HB,Prepontine,HB,PP
Ventral_Lateral_Lemniscus_Nucleus,Vll.1,Right,3_hindbrain,1_prepontine_hindbrain,isthmus,3_pontomedullary_hindbrain,6_hindbrain,262,1096.0,0,6_hindbrain,R,HB,Prepontine,HB,PP
Parabrachial_Nucleus,ParB.1,Right,3_hindbrain,1_prepontine_hindbrain,isthmus,3_pontomedullary_hindbrain,6_hindbrain,263,1097.0,0,6_hindbrain,R,HB,Prepontine,HB,PP
Parabrachial_Medial_Nucleus_and_Koelliker_Fuse_Nucleus,KF.1,Right,3_hindbrain,1_prepontine_hindbrain,isthmus,3_pontomedullary_hindbrain,6_hindbrain,264,1098.0,0,6_hindbrain,R,HB,Prepontine,HB,PP
Parvicellular_Reticular_Nucleus_and_Principal_Sensory_Trigeminal_Nucleus,PCRt.1,Right,3_hindbrain,1_prepontine_hindbrain,r1_and_r2,3_pontomedullary_hindbrain,6_hindbrain,265,1099.0,0,6_hindbrain,R,HB,Prepontine,HB,PP
Central_Gray,CG.1,Right,3_hindbrain,1_prepontine_hindbrain,r1,1_pons,6_hindbrain,266,1100.0,0,6_hindbrain,R,HB,Prepontine,HB,PP
Pedunculotegmental_Medial_Paralemniscial_and_Supratrigemnial_Nuclei,Su5.1,Right,3_hindbrain,1_prepontine_hindbrain,r1,3_pontomedullary_hindbrain,6_hindbrain,267,1101.0,0,6_hindbrain,R,HB,Prepontine,HB,PP
Motor_Root_of_Trigeminal_Nerve,m5.1,Right,4_white_matter_tracts,hindbrain_white_matter,axial_hindbrain_white_matter,white_matter,7_whitematter,268,1102.0,0,6_hindbrain,R,WM,HB,WM,HB
Trigeminal_Motor_Nucleus,5N.1,Right,3_hindbrain,1_prepontine_hindbrain,r2,3_pontomedullary_hindbrain,6_hindbrain,269,1103.0,0,6_hindbrain,R,HB,Prepontine,HB,PP
Pontine_Reticular_Nucleus,PnC.1,Right,3_hindbrain,1_prepontine_hindbrain,r2,3_pontomedullary_hindbrain,6_hindbrain,270,1104.0,0,6_hindbrain,R,HB,Prepontine,HB,PP
Raphe_Nucleus,Raph.1,Right,3_hindbrain,1_prepontine_hindbrain,r1_and_r2,3_pontomedullary_hindbrain,6_hindbrain,271,1105.0,0,6_hindbrain,R,HB,Prepontine,HB,PP
Trigeminal_Sensory_Nucleus,Pr5.1,Right,3_hindbrain,1_prepontine_hindbrain,r1_and_r2,3_pontomedullary_hindbrain,6_hindbrain,272,1106.0,0,6_hindbrain,R,HB,Prepontine,HB,PP
Dorsal_Tegmentum,DTg.1,Right,3_hindbrain,1_prepontine_hindbrain,r1_and_r2,1_pons,6_hindbrain,273,1107.0,0,6_hindbrain,R,HB,Prepontine,HB,PP
Tegmental_Nucleus,Tg.1,Right,3_hindbrain,2_pontine_hindbrain,r1,1_pons,6_hindbrain,274,1108.0,0,6_hindbrain,R,HB,Pontine,HB,PO
Cochlear_Nucleus,CoN.1,Right,3_hindbrain,2_pontine_hindbrain,r3,1_pons,6_hindbrain,275,1109.0,0,6_hindbrain,R,HB,Pontine,HB,PO
Pontine_Nucleus,Pn.1,Right,3_hindbrain,2_pontine_hindbrain,r3_and_r4,1_pons,6_hindbrain,276,1110.0,0,6_hindbrain,R,HB,Pontine,HB,PO
Reticulotegmental_Nucleus_of_Pons,RTg.1,Right,3_hindbrain,2_pontine_hindbrain,r3_and_r4,1_pons,6_hindbrain,277,1111.0,0,6_hindbrain,R,HB,Pontine,HB,PO
Olivary_Complex,Oliv.1,Right,3_hindbrain,3_pontomedullary_hindbrain,r5,1_pons,6_hindbrain,278,1112.0,0,6_hindbrain,R,HB,Pontomedullar,HB,PM
Pontine_Reticular_Nucleus,PnRt,Right,3_hindbrain,3_pontomedullary_hindbrain,r5,1_pons,6_hindbrain,279,1113.0,0,6_hindbrain,R,HB,Pontomedullar,HB,PM
Spinal_Trigeminal_Nucleus,Sp5.1,Right,3_hindbrain,3_pontomedullary_hindbrain,r3_to_r11,1_pons,6_hindbrain,280,1114.0,0,6_hindbrain,R,HB,Pontomedullar,HB,PM
Vestibular_Nuclei,Ve.1,Right,3_hindbrain,3_pontomedullary_hindbrain,r3_to_r9,1_pons,6_hindbrain,281,1115.0,0,6_hindbrain,R,HB,Pontomedullar,HB,PM
Gigantocellular_Reticular_Nucleus,Gi.1,Right,3_hindbrain,4_medullary_hindbrain,r6_to_r10,4_medulla,6_hindbrain,282,1116.0,0,6_hindbrain,R,HB,Medullary,HB,ME
Cuneate_Nucleus,Cu.1,Right,3_hindbrain,4_medullary_hindbrain,r9_to_r10,4_medulla,6_hindbrain,283,1117.0,0,6_hindbrain,R,HB,Medullary,HB,ME
Anterior_Commisure,ac.1,Right,4_white_matter_tracts,forebrain_white_matter,prosencephalon_white_matter,white_matter,7_whitematter,284,1118.0,0,7_whitematter,R,WM,FB,WM,FB
Optic_Tracts,ot.1,Right,4_white_matter_tracts,forebrain_white_matter,prosencephalon_white_matter,white_matter,7_whitematter,285,1119.0,0,7_whitematter,R,WM,FB,WM,FB
Fimbria,fi.1,Right,4_white_matter_tracts,forebrain_white_matter,prosencephalon_white_matter,white_matter,7_whitematter,286,1120.0,0,7_whitematter,R,WM,FB,WM,FB
Corpus_Callosum,cc.1,Right,4_white_matter_tracts,forebrain_white_matter,prosencephalon_white_matter,white_matter,7_whitematter,287,1121.0,0,7_whitematter,R,WM,FB,WM,FB
Fornix,fx.1,Right,4_white_matter_tracts,forebrain_white_matter,prosencephalon_white_matter,white_matter,7_whitematter,288,1122.0,0,7_whitematter,R,WM,FB,WM,FB
Stria_Terminalis,st.1,Right,4_white_matter_tracts,forebrain_white_matter,prosencephalon_white_matter,white_matter,7_whitematter,289,1123.0,0,7_whitematter,R,WM,FB,WM,FB
Cingulum,cg.1,Right,4_white_matter_tracts,forebrain_white_matter,prosencephalon_white_matter,white_matter,7_whitematter,290,1124.0,0,7_whitematter,R,WM,FB,WM,FB
Lateral_Olfactory_Tract,lo.1,Right,4_white_matter_tracts,forebrain_white_matter,prosencephalon_white_matter,white_matter,7_whitematter,291,1125.0,0,7_whitematter,R,WM,FB,WM,FB
Ventral_Hippocampal_Commissure,vhc.1,Right,4_white_matter_tracts,forebrain_white_matter,prosencephalon_white_matter,white_matter,7_whitematter,292,1126.0,0,7_whitematter,R,WM,FB,WM,FB
Internal_Capsule,ic.1,Right,4_white_matter_tracts,forebrain_white_matter,diencephalon_white_matter,white_matter,7_whitematter,293,1127.0,0,7_whitematter,R,WM,FB,WM,FB
Fasciculus_Retroflexus,fr.1,Right,4_white_matter_tracts,forebrain_white_matter,diencephalon_white_matter,white_matter,7_whitematter,294,1128.0,0,7_whitematter,R,WM,FB,WM,FB
Stria_Medularis,sm.1,Right,4_white_matter_tracts,forebrain_white_matter,diencephalon_white_matter,white_matter,7_whitematter,295,1129.0,0,7_whitematter,R,WM,FB,WM,FB
Mamillothalamic_Tract,mt.1,Right,4_white_matter_tracts,forebrain_white_matter,diencephalon_white_matter,white_matter,7_whitematter,296,1130.0,0,7_whitematter,R,WM,FB,WM,FB
Posterior_Commissure,pc.1,Right,4_white_matter_tracts,forebrain_white_matter,diencephalon_white_matter,white_matter,7_whitematter,297,1131.0,0,7_whitematter,R,WM,FB,WM,FB
Brachium_of_Superior_Colliculus,bsc.1,Right,4_white_matter_tracts,midbrain_white_matter,colliculi_white_matter,white_matter,7_whitematter,298,1132.0,0,7_whitematter,R,WM,MB,WM,MB
Cerebral_Peduncle,cp.1,Right,4_white_matter_tracts,midbrain_white_matter,other_midbrain_white_matter,white_matter,7_whitematter,299,1133.0,0,7_whitematter,R,WM,MB,WM,MB
Lateral_Lemniscus,ll.1,Right,4_white_matter_tracts,hindbrain_white_matter,axial_hindbrain_white_matter,white_matter,7_whitematter,300,1134.0,0,7_whitematter,R,WM,HB,WM,HB
Spinal_Trigeminal_Nerve,sp5.1,Right,4_white_matter_tracts,hindbrain_white_matter,axial_hindbrain_white_matter,white_matter,7_whitematter,301,1135.0,0,7_whitematter,R,WM,HB,WM,HB
Pyramidal_Tract,py.1,Right,4_white_matter_tracts,hindbrain_white_matter,axial_hindbrain_white_matter,white_matter,7_whitematter,302,1136.0,0,7_whitematter,R,WM,HB,WM,HB
Vestibulocochlear_Nerve,n8.1,Right,4_white_matter_tracts,hindbrain_white_matter,axial_hindbrain_white_matter,white_matter,7_whitematter,303,1137.0,0,7_whitematter,R,WM,HB,WM,HB
Facial_Nerve,n7.1,Right,4_white_matter_tracts,hindbrain_white_matter,axial_hindbrain_white_matter,white_matter,7_whitematter,304,1138.0,0,7_whitematter,R,WM,HB,WM,HB
Longitudinal_Fasciculus_of_Pons,lfp.1,Right,4_white_matter_tracts,hindbrain_white_matter,axial_hindbrain_white_matter,white_matter,7_whitematter,305,1139.0,0,7_whitematter,R,WM,HB,WM,HB
Medial_Longitudinal_Fasciculus_and_Tectospinal_Tract,mlf_ts.1,Right,4_white_matter_tracts,hindbrain_white_matter,axial_hindbrain_white_matter,white_matter,7_whitematter,306,1140.0,0,7_whitematter,R,WM,HB,WM,HB
Spinocerebellar_Tract,sc.1,Right,4_white_matter_tracts,hindbrain_white_matter,axial_hindbrain_white_matter,white_matter,7_whitematter,307,1141.0,0,7_whitematter,R,WM,HB,WM,HB
Medial_Lemniscus,ml.1,Right,4_white_matter_tracts,hindbrain_white_matter,axial_hindbrain_white_matter,white_matter,7_whitematter,308,1142.0,0,7_whitematter,R,WM,HB,WM,HB
Ventral_Spinocerebellar_Tract,vsc.1,Right,4_white_matter_tracts,hindbrain_white_matter,axial_hindbrain_white_matter,white_matter,7_whitematter,309,1143.0,0,7_whitematter,R,WM,HB,WM,HB
Middle_Cerebellar_Peduncle,mcp.1,Right,4_white_matter_tracts,hindbrain_white_matter,cerebellar_white_matter,white_matter,7_whitematter,310,1144.0,0,7_whitematter,R,WM,HB,WM,HB
Superior_Cerebellar_Peduncle,scp.1,Right,4_white_matter_tracts,hindbrain_white_matter,cerebellar_white_matter,white_matter,7_whitematter,311,1145.0,0,7_whitematter,R,WM,HB,WM,HB
Inferior_Cerebellar_Peduncle,icp_oc_tz.1,Right,4_white_matter_tracts,hindbrain_white_matter,cerebellar_white_matter,white_matter,7_whitematter,312,1146.0,0,7_whitematter,R,WM,HB,WM,HB
Cerebellar_White_Matter,cbw.1,Right,4_white_matter_tracts,hindbrain_white_matter,cerebellar_white_matter,white_matter,7_whitematter,313,1147.0,0,7_whitematter,R,WM,HB,WM,HB
Lateral_Ventricle,LV.1,Right,5_ventricular_system,forebrain,forebrain_CSF,cerebrospinal_fluid,8_CSF,314,1148.0,0,8_CSF,R,VS,FB,VS,VS
Cingulate_Cortex_Area_25,A25.1,Right,1_forebrain,1_secondary_prosencephalon,1_isocortex,2_cingulate_cortex,1_isocortex,315,1149.0,0,1_isocortex,R,FB,Prosencephalon,Isocortex,IS
Dorsal_Acustic_Stria,das.1,Right,4_white_matter_tracts,hindbrain_white_matter,axial_hindbrain_white_matter,white_matter,7_whitematter,316,1150.0,0,7_whitematter,R,WM,HB,WM,HB
Postsubiculum,Post.1,Right,1_forebrain,1_secondary_prosencephalon,3_medial_pallium,6_medial_pallium,2_pallium,317,1151.0,0,2_pallium,R,FB,Prosencephalon,Pallium,PA
Ventricular_System_4thVentricle,4V.1,Right,5_ventricular_system,hindbrain,hindbrain_CSF,cerebrospinal_fluid,8_CSF,318,1152.0,0,8_CSF,R,VS,HB,VS,VS
Microcellular_Tegmental_Nucleus,MiTg.1,Right,3_hindbrain,1_prepontine_hindbrain,isthmus,3_pontomedullary_hindbrain,6_hindbrain,319,1153.0,0,6_hindbrain,R,HB,Prepontine,HB,PP
Pretectal_Nucleus,APT.2,Right,1_forebrain,2_diencephalon,p1,15_pretectum,4_diencephalon,320,1154.0,0,4_diencephalon,R,FB,Diencephalon,Diencephalon,DI
Latero_Dorsal_Thalamic_Nucleus_Ventro_Lateral,LDVL.1,Right,1_forebrain,2_diencephalon,p2,17_thalamus,4_diencephalon,321,1155.0,0,4_diencephalon,R,FB,Diencephalon,Diencephalon,DI
Latero_Posterior_Nuclei_of_Thalamus,LP.1,Right,1_forebrain,2_diencephalon,p2,17_thalamus,4_diencephalon,322,1156.0,0,4_diencephalon,R,FB,Diencephalon,Diencephalon,DI
Anterior_Thalamic_Nuclei,AThal,Right,1_forebrain,2_diencephalon,p2,17_thalamus,4_diencephalon,323,1157.0,0,4_diencephalon,R,FB,Diencephalon,Diencephalon,DI
Red_Nucleus_Magnocellular,RMC.1,Right,2_midbrain,m1,m1,1_pretectal_tegmentum,4_diencephalon,324,1158.0,0,4_diencephalon,R,MB,M1,Diencephalon,DI
Pararubral_Nucleus,PaR.1,Right,2_midbrain,m1,p1_and_m1_and_m2,2_midbrain_tegmentum,5_midbrain,325,1159.0,0,5_midbrain,R,MB,M1,MB,MB
Retro_Rubral_Field,RR.1,Right,3_hindbrain,1_prepontine_hindbrain,isthmus,3_pontomedullary_hindbrain,6_hindbrain,326,1160.0,0,6_hindbrain,R,HB,Prepontine,HB,PP
Cerebrospinal_fluid,CSF.1,Right,5_ventricular_system,combo,combo,CSF,8_CSF,327,1161.0,0,8_CSF,R,VS,Combo,VS,VS
IntermediateReticularNucleus,IRN.1,Right,3_hindbrain,2_pontine_hindbrain,,axial_hindbrain_white_matter,6_hindbrain,328,1162.0,0,6_hindbrain,R,HB,Pontine,HB,PO
PosteriorDorsal_ParaventricularMedialParvicellular_Posterior_LateralHypothalamus,PHD_PaMP_Post_and_LatHy.1,Right,1_forebrain,1_secondary_prosencephalon,8_rostral_secondary_prosencephalon,5_hypothalamus,4_diencephalon,329,1163.0,0,4_diencephalon,R,FB,Prosencephalon,Diencephalon,DI
Prerubral_Forel,PR_p3Tg_L.1,Right,1_forebrain,2_diencephalon,p2_and_p3,17_thalamus,4_diencephalon,330,1164.0,0,4_diencephalon,R,FB,Diencephalon,Diencephalon,DI
PVG_of_Hypothalamus,PVG.1,Right,1_forebrain,1_secondary_prosencephalon,8_rostral_secondary_prosencephalon,5_hypothalamus,4_diencephalon,331,1165.0,0,4_diencephalon,R,FB,Prosencephalon,Diencephalon,DI
Basal Lateral Amygdala,BLA.1,Right,1_forebrain,1_secondary_prosencephalon,6_subpallium,8_pallial_and_subpallial_amygdala,2_pallium,332,1166.0,0,2_pallium,R,FB,Prosencephalon,Pallium,PA
